N,P,K,temperature,humidity,ph,rainfall,label
61,52,41,24.97669518,83.891805,6.880431223,204.8001847,rice
80,80,76,24.37,82.47,6.59,1530.6,plantain
32,11,31,25.06871967,93.31410447,6.205931637999999,134.84190690000003,coconut
31,30,27,25.88,77.64,6.48,1812.76,cacao
63,44,41,24.17298839,83.7287574,5.583370042,257.0343554,rice
52,40,85,28.27,74.97,5.41,1502.81,igname
19,26,29,26.93141945,98.80313612,5.67154928,166.5712879,coconut
70,44,19,23.31689124,73.4541537,5.852607099,94.29712821,maize
79,42,37,24.87300744,82.84022551,6.587918707999999,295.6094492000001,rice
82,43,38,23.28617173,81.43321641,5.105588355,242.3170629,rice
76,57,18,18.9802729,74.52600826,6.092725883,94.26249353,maize
51,65,48,25.75,69.7,6.87,1376.47,cacao
96,74,126,24.32,80.67,6.44,1523.88,plantain
77,57,21,24.9321581,73.80435276,6.550563822999999,79.74078719,maize
52,59,88,27.95,83.91,5.75,1144.09,igname
35,76,34,26.66,83.68,5.63,1579.84,cacao
71,35,24,22.27373646,59.52193158,5.826426917,67.96704792,maize
120,23,28,25.67324193,51.29043632,6.877799264,196.2736367,coffee
97,29,27,27.74576987,54.36976075,7.205078785,139.8619431,coffee
86,59,35,25.78720567,82.11124033,6.946636369,243.5120414,rice
26,10,33,28.27298134,96.93649473,6.07071786,198.8234862,coconut
51,60,86,29.25,87.13,5.48,1262.34,igname
16,28,21,32.1,45.61,5.86,836.15,anacarde
113,37,20,25.03300222,79.04368718,7.393441155,97.10087029,cotton
57,72,36,27.41,86.22,6.22,1733.63,cacao
127,37,18,24.87663664,76.30050373,7.041065585,91.9223468,cotton
73,57,41,21.44653958,84.94375962,5.824709117,272.2017204,rice
77,70,134,28.34,75.51,6.42,1539.79,plantain
21,21,23,31.63,53.63,5.71,912.75,anacarde
31,61,40,28.98,74.07,5.74,1347.96,cacao
20,29,27,25.09897688,92.36099489,6.047044342,157.7592626,coconut
65,70,71,28.15,83.23,5.42,1221.45,igname
37,5,34,25.79490531,93.84150618,5.779032666,152.42387119999995,coconut
41,61,38,28.15,85.81,6.42,1870.9,cacao
15,24,30,27.96,49.58,6.01,1204.62,anacarde
31,28,33,31.12,42.04,5.61,991.63,anacarde
83,41,43,21.0525355,82.67839517,6.254028451,233.1075816,rice
59,69,35,27.98,78.64,6.08,1664.47,cacao
118,21,34,24.38534644,64.72543073,7.234258375,119.6324109,coffee
25,7,35,28.38503882,99.18843684,5.55771171,189.67113490000003,coconut
70,36,42,21.84106875,80.72886384,6.9462098810000015,202.3838319,rice
14,21,35,29.52501367,91.91185319,6.121005506,194.3100272,coconut
132,52,19,24.16402322,76.7433897,6.436691764,61.94626051,cotton
63,56,90,27.8,80.42,4.8,1473.67,igname
34,26,39,27.45,35.19,6.51,1251.66,anacarde
23,33,24,35.41,40.72,6.95,1262.44,anacarde
0,19,33,27.1326009,95.23797989,6.234458417000001,204.7206567,coconut
32,61,35,27.37,77.6,6.14,1823.51,cacao
97,35,26,24.91461008,53.74144743,6.334610249,166.2549307,coffee
97,51,133,28.41,81.28,6.29,1608.8,plantain
120,20,34,23.56960509,50.56339727,6.906124587000001,130.3797119,coffee
123,50,16,23.04920461,75.53835214,6.498052108,70.65644296,cotton
48,61,41,27.17,79.0,5.84,1653.2,cacao
35,30,34,28.2974764,95.41122824,6.141502001,182.4482352,coconut
7,15,32,25.03512351,95.89739958,6.182232762000001,174.796583,coconut
37,18,30,27.63551259,99.34854917,6.38488418,157.91715369999997,coconut
86,55,21,21.54156232,59.64024162,6.803931519,109.7515385,maize
102,53,21,23.03814028,76.11021529,6.913678684,91.49697481,cotton
104,47,18,23.9656349,76.97696717,7.633437412,90.75616738,cotton
45,60,31,28.05,76.67,6.0,1643.82,cacao
85,52,45,26.31355498,82.36698992,7.224285503,265.5355937,rice
102,45,16,23.65629976,77.52425987,7.2942193,74.8984994,cotton
51,47,89,27.45,76.07,4.84,1551.22,igname
85,35,32,26.24928198,54.28617819,6.854011265,133.1120232,coffee
31,30,29,26.58580443,90.98617591,5.558807063,178.8116076,coconut
83,58,23,19.74213321,59.66263104,6.381201909,65.50861389,maize
32,20,26,26.87,48.95,5.42,700.94,anacarde
33,39,54,24.18,81.18,6.59,1564.37,cacao
139,35,15,25.248679,83.4630147,5.898293044,86.55517751,cotton
82,29,35,26.67377159,52.24226285,6.246872394,156.15438980000005,coffee
23,26,28,29.23,55.54,5.69,813.42,anacarde
46,58,36,23.12,86.06,6.42,1514.75,cacao
96,67,78,33.29,70.6,6.33,1777.73,plantain
111,40,25,24.48469200000001,84.44932014,6.187455798999999,90.94342484,cotton
75,56,18,19.39851734,62.35750641,5.696205468,60.95197486,maize
88,62,102,30.04,76.73,6.71,1267.1,plantain
107,43,18,22.426733,81.53480799,6.745104394,65.54475812,cotton
116,38,34,23.29250318,50.04557009,6.020947179,183.468585,coffee
72,40,38,20.41447029,82.20802629,7.592490617,245.1511304,rice
27,21,26,29.89,56.81,6.76,1035.07,anacarde
59,66,41,25.61,72.43,6.57,1646.96,cacao
76,39,24,24.2547451,55.64709899,6.995843776,64.23845455,maize
54,48,32,31.28,88.79,6.23,1695.75,cacao
99,54,37,21.14347496,80.33502926,5.5948196260000005,198.6730942,rice
107,82,86,27.11,75.29,6.54,1354.27,plantain
69,71,52,27.38,83.08,5.95,1390.15,igname
121,53,19,23.51308653,76.72621429,7.976889497999999,80.11272117,cotton
116,36,25,27.57847581,58.52534263,6.172090205,156.6810374,coffee
22,11,29,28.03380598,95.01630593,5.955742971,218.0055713,coconut
57,67,26,24.21,88.16,5.85,1429.48,cacao
131,38,19,23.86814008,75.68339729,6.814341946,90.4547185,cotton
59,44,47,26.81,77.16,6.41,1292.69,cacao
88,90,104,26.61,71.26,5.83,1521.03,plantain
74,55,121,28.89,81.56,6.88,1292.51,plantain
67,43,78,27.23,74.79,5.37,975.81,igname
107,58,15,23.73868041,75.77503808,7.55606399,76.63669195,cotton
67,47,44,26.73072391,81.78596776,7.868474653,280.4044392,rice
67,35,22,23.30546753,63.24648023,6.385684213999999,108.7603001,maize
34,30,21,30.7,46.58,6.02,1187.16,anacarde
82,65,53,26.95,79.21,5.12,1376.33,igname
50,45,56,29.31,81.46,5.89,1718.57,cacao
116,23,25,23.4123707,52.26994674,6.869720196,139.3670753,coffee
40,46,43,25.21,83.45,6.55,1777.75,cacao
111,53,19,23.96436009,78.02763149,6.419536555,84.63148859,cotton
99,60,85,29.82,80.6,6.61,1388.24,plantain
11,6,25,28.69164799,96.65248672,6.081568052000001,178.9635457,coconut
15,30,37,33.61,47.09,5.01,1056.11,anacarde
10,18,35,27.79797651,99.64573002,6.381975465,181.6942283,coconut
69,45,74,29.22,77.85,5.46,1590.8,igname
76,51,18,26.16985907,71.96246617,6.247040422,79.84925393,maize
105,64,69,29.46,77.48,6.14,1637.94,plantain
80,53,82,28.23,76.66,5.85,1078.68,igname
62,63,62,27.06,84.64,5.26,1611.85,igname
101,31,26,26.70897548,69.71184111,6.861235184,158.86088869999998,coffee
76,52,118,23.69,85.38,5.97,1559.57,plantain
97,22,26,23.60567546,59.68849145,6.074190142000001,185.1568059,coffee
108,45,114,26.43,81.65,6.61,1351.7,plantain
70,57,103,26.13,75.3,5.94,1156.34,plantain
93,47,37,21.53346343,82.14004101,6.500343222000001,295.9248796,rice
78,74,103,26.32,72.78,6.68,1462.29,plantain
102,46,19,22.77076388,82.5993307,6.631005298,81.49543437,cotton
27,8,30,26.44600063,98.29937782,6.008386282999999,221.2258168,coconut
16,18,26,28.43647052,91.81320717,5.568365926,145.54144130000003,coconut
117,34,25,24.83846178,56.7685316,7.21270048,124.4135035,coffee
51,55,107,29.22,75.39,5.01,1215.02,igname
77,36,37,26.88444878,81.46033732,6.136131869,194.5766559,rice
15,28,32,28.84270971,99.64328526,6.2185718739999984,224.4016682,coconut
83,91,113,26.45,63.07,6.88,1150.68,plantain
111,27,31,23.59302313,55.27564977,6.0433309510000015,191.3980675,coffee
60,44,23,24.7947077,70.04556743,5.722579819,76.72860067,maize
43,54,47,27.45,86.62,6.83,1854.57,cacao
67,68,73,26.28,75.41,5.15,1154.94,igname
112,49,25,25.68959532,77.90621048,6.470135478,66.19426787,cotton
99,41,36,24.45802087,82.74835604,6.738652179,182.5616319,rice
83,30,96,29.12,84.52,5.72,1134.51,igname
21,20,31,25.60033702,99.7240104,5.855457599,165.82487319999996,coconut
18,23,32,29.1,52.02,5.94,966.31,anacarde
85,50,84,29.49,83.41,6.02,1510.76,plantain
107,38,29,26.65069302,57.56695719,6.35118177,145.105065,coffee
29,25,35,28.3575072,91.64509299,5.542873799,160.73069909999995,coconut
14,23,25,26.18552389,96.96637916,5.6121227970000005,135.4186222,coconut
88,55,45,24.63544858,80.41363018,7.730367824,253.7202781,rice
31,18,34,32.18,41.33,6.63,969.46,anacarde
129,60,22,24.58453146,79.12404171,5.947448589,71.94608134,cotton
50,35,70,28.2,80.57,5.62,1115.02,igname
38,6,25,25.54963273,96.92786777,6.156259104,191.2996157,coconut
73,66,105,27.46,88.53,6.26,1494.94,plantain
75,53,18,20.68899915,59.4375337,6.864793607,103.651438,maize
40,49,47,27.76,81.06,6.16,1737.56,cacao
98,53,38,20.26707606,81.63895217,5.01450727,270.4417274,rice
92,35,40,22.17931888,80.33127223,6.3573893660000005,200.0882787,rice
32,25,32,31.14,54.38,7.15,1062.85,anacarde
116,28,34,23.44372334,60.39523266,6.42321105,122.2103248,coffee
53,64,34,26.78,89.39,6.68,1288.68,cacao
98,27,27,24.71384065,51.29142534,7.238109556,197.6439711,coffee
67,60,25,24.92162194,66.78627406,5.750254943,109.2162279,maize
73,35,38,24.88921174,81.97927117,5.005306977,185.9461429,rice
99,15,27,27.0424167,57.27927475,6.501157208,165.6872119,coffee
140,38,15,24.1472953,75.88298598,6.021439523,69.91563467,cotton
61,53,43,26.40323239,81.05635517,6.349606327,223.3671883,rice
101,58,18,25.66891439,81.38103349,6.652143699,78.59595817,cotton
31,16,25,24.5,50.18,6.07,1386.96,anacarde
15,23,31,23.94,41.58,5.74,1059.0,anacarde
131,60,17,25.32023717,81.79475917,7.4250413160000015,83.46532547,cotton
101,33,33,26.97251562,62.0183627,6.908671378999999,142.8610793,coffee
92,40,30,23.35723208,55.18792166,6.026287448,171.6976946,coffee
69,37,42,23.05804872,83.37011772,7.073453503,251.0549998,rice
95,52,36,26.22916897,83.83625819,5.543360237999999,286.5083725,rice
63,48,97,28.69,76.57,5.52,1100.97,igname
118,40,35,26.35034208,58.50650238,7.460174812000001,121.5586297,coffee
100,41,22,22.4204752,84.55794703,7.318802162000001,93.46595573,cotton
134,52,18,23.9643129,76.59175937,7.994679507000001,76.13090645,cotton
60,55,45,21.40865769,83.32931909999998,5.935745417000001,287.5766935000001,rice
87,23,28,26.22367404,62.26594559,6.979590627,193.7461968,coffee
36,54,29,26.77,83.09,5.92,1459.7,cacao
107,53,99,25.13,90.55,6.44,1357.73,plantain
58,63,30,27.65,90.19,5.33,1609.93,cacao
78,59,78,32.29,77.46,5.05,1202.32,igname
66,53,41,25.0756354,80.52389148,7.778915154,257.0038865,rice
67,58,39,25.2827223,80.54372813,5.453592032,220.1156708,rice
91,53,40,26.52723513,81.41753846,5.386167788,264.6148697,rice
131,52,16,23.65724079,84.47601498,6.486068274,88.54479121,cotton
28,10,30,29.8690834,91.14723422,6.305740522000001,192.7678575,coconut
33,37,39,30.49,54.19,4.97,1080.81,anacarde
113,41,20,25.0017188,80.53965818,7.256877571,96.32600992,cotton
51,67,41,26.9,84.47,6.44,1658.76,cacao
66,53,19,23.09348056,60.11593810000001,6.033550195,65.49730729,maize
27,10,33,27.81132822,97.48410555,6.465906333,154.06212209999995,coconut
135,43,16,23.47986888,81.73049149,6.720449769,86.76287924,cotton
84,51,35,22.30157427,80.64416466,6.043304899,197.9791215,rice
75,38,39,23.44676801,84.79352417,6.215109715,283.9338466,rice
104,20,26,27.22783677,52.95261751,7.493191968,175.7260273,coffee
31,51,41,29.01,88.71,6.56,1881.65,cacao
101,40,103,24.45,84.84,5.61,1339.09,plantain
109,36,18,25.40059227,76.53237965,7.524707577,62.51388670000001,cotton
72,45,35,25.42977518,82.94682591,5.758506323,195.3574542,rice
23,26,31,33.94,39.49,6.1,1134.24,anacarde
134,56,18,23.80834611,83.91902605,6.691268104,70.97358303,cotton
99,70,116,28.62,78.17,5.75,1567.38,plantain
86,26,27,27.13140403,52.89368299,6.081172981,192.4280381,coffee
54,41,65,26.5,81.69,5.17,1343.06,igname
55,53,42,28.58,76.15,6.11,1669.81,cacao
19,18,26,31.06,42.21,6.64,977.13,anacarde
8,15,33,28.97318719,98.09861043,5.50158009,213.9011021,coconut
53,38,84,27.35,81.48,4.15,1183.68,igname
56,52,33,28.82,83.95,5.99,1685.59,cacao
129,47,20,24.41212325,80.80343786,6.281913857999999,98.60457373,cotton
64,59,77,26.78,80.46,4.6,1280.69,igname
72,57,143,26.15,79.76,5.85,1795.65,plantain
71,44,88,27.16,80.03,5.76,1480.1,igname
106,46,20,23.43821725,78.63388824,6.2006719760000015,81.15072105,cotton
36,61,36,27.03,86.44,5.16,1598.42,cacao
130,59,19,25.07278712,82.50257909,6.520403794,93.51042684,cotton
55,49,105,27.6,72.0,6.59,1485.86,igname
103,33,33,26.71717393,50.50148528,7.131435858,126.8073984,coffee
111,32,34,25.46743689,69.35161206,6.392048018,171.37644619999998,coffee
119,30,28,26.35770906,64.57578034,6.5052036960000015,163.62694960000005,coffee
3,9,35,26.91641934,99.84671638,6.318552972999999,225.6323656,coconut
94,53,40,20.27774362,82.89408619,5.718627177999999,241.9741949,rice
112,17,28,27.62975458,61.26002598,6.777417989,196.6492664,coffee
95,38,22,19.84939404,61.24500053,5.730617109,100.7689246,maize
100,40,20,22.45145981,76.25674874,7.432043735,86.84998693,cotton
84,39,35,23.17714381,52.13864034,6.959404135,117.3113562,coffee
61,44,17,26.10018422,71.57476937,6.931756557999999,102.2662445,maize
83,57,19,25.73044432,70.74739256,6.877869005,98.73771338,maize
23,18,34,30.37,50.13,4.6,1082.87,anacarde
57,67,40,26.08,84.77,5.49,1831.91,cacao
88,59,91,27.63,78.11,6.37,1652.56,plantain
106,49,24,23.03887865,76.47039772,6.983395572999999,90.64770699,cotton
133,47,24,24.40228894,79.19732001,7.231324765,90.8022356,cotton
80,15,28,23.11438731,68.00096043,6.703270635,161.8944624,coffee
84,53,111,26.95,83.36,5.78,1699.71,plantain
117,56,15,25.99237426,77.0543546,7.368258226,89.1188212,cotton
60,55,44,23.00445915,82.3207629,7.840207144,263.9642476,rice
39,29,29,26.50908611,94.48414544,6.143662699,199.8778403,coconut
50,71,32,24.56,80.83,6.71,1584.56,cacao
104,18,30,23.60301571,60.39647474,6.779832611000002,140.9370415,coffee
27,24,29,26.61423461,96.97300803,6.142010637,191.006688,coconut
66,44,20,19.0781471,69.02298571,6.740000687999999,80.72515943,maize
50,56,43,26.84,76.14,6.01,1249.91,cacao
78,67,109,25.55,80.66,6.44,1315.14,plantain
55,42,44,26.38,87.19,6.56,1781.78,cacao
125,60,17,24.14386157,84.51591287,6.785723961,80.36146974,cotton
103,27,31,27.15998538,51.59100753,6.691541233,126.1752206,coffee
126,50,19,24.69457084,81.7358876,6.6287228360000015,78.58494391,cotton
84,27,29,23.32293161,53.00366334,7.167092586,168.26442869999997,coffee
35,52,47,25.48,86.26,5.33,1587.1,cacao
118,18,32,27.6496114,51.11044023,6.351823783,122.8392822,coffee
83,59,80,26.16,76.49,6.81,1372.12,plantain
114,40,23,25.53676123,81.13668716,6.7539780610000015,95.4262599,cotton
47,52,34,26.39,78.81,6.76,1575.68,cacao
34,30,28,28.59,53.38,6.22,1244.26,anacarde
15,25,32,29.75,44.69,5.88,847.79,anacarde
27,8,32,27.00648436,96.46168931,5.627860548999998,144.3331315,coconut
86,70,84,31.06,86.46,6.6,1571.11,plantain
81,41,38,22.67846116,83.72874389,7.5240800760000015,200.9133156,rice
74,43,23,25.95263264,61.89082199,6.325235159,99.57981207,maize
37,10,32,28.96318258,95.16333673,6.165084855,222.803013,coconut
51,62,27,28.19,88.38,5.95,1746.46,cacao
77,54,105,23.52,71.11,6.79,1335.32,plantain
108,60,17,22.75805656,76.75768356,6.558902588,97.76600619,cotton
93,26,27,24.59245684,56.46829641,7.288211994,137.70440469999997,coffee
64,35,23,23.02038334,61.89472002,5.680361037999999,63.03843397,maize
112,39,29,26.12492233,63.37479229,6.726528895,147.8035305,coffee
59,56,58,28.21,81.28,6.18,1699.46,cacao
58,57,45,25.94,86.43,6.84,1823.55,cacao
23,29,24,31.77,33.29,5.06,916.96,anacarde
31,18,43,30.33,44.81,6.18,1095.07,anacarde
85,50,57,26.26,79.7,5.66,1214.71,igname
19,30,30,29.56549169,91.40896307,5.826381164,224.83157290000003,coconut
28,22,25,28.3,48.82,5.97,1091.37,anacarde
70,50,97,30.16,86.47,5.42,961.27,igname
28,27,32,28.94099669,93.00109012,5.764615485,191.7723087,coconut
86,37,16,20.51716779,59.21235483,5.561510732,67.61013737,maize
99,75,101,28.34,73.6,6.16,1491.46,plantain
89,28,33,26.44414097,53.83876189,6.9932360010000005,175.3723314,coffee
81,61,111,28.01,79.76,6.64,1775.04,plantain
97,70,84,25.69,87.28,5.94,1359.68,plantain
93,53,38,26.92995077,81.91411159,7.069172227,290.67937830000005,rice
101,76,88,26.05,89.64,5.69,1374.46,plantain
68,40,19,26.14384005,66.20569924,6.655426355,107.2361366,maize
104,66,115,26.84,78.8,6.0,1498.57,plantain
103,85,105,25.52,78.38,7.01,1616.98,plantain
91,56,37,23.43191632,80.56887849,6.363472207999999,269.5039162,rice
63,43,19,18.51816776,55.53128131,6.641906353,90.988051,maize
41,67,41,26.99,84.07,6.27,1715.8,cacao
117,37,32,23.1069385,67.06230539,6.787658922,162.57696059999995,coffee
98,44,21,25.77175115,74.089114,6.524478032,107.4931917,maize
76,48,18,19.29563411,69.63481219,5.77597783,83.21030571,maize
60,49,44,20.77576147,84.49774397,6.244841491,240.0810647,rice
118,33,30,24.13179691,67.22512329,6.362607851,173.32283859999995,coffee
87,48,25,18.65396672,61.37879671,6.656730007999999,93.62039175,maize
122,59,18,23.5000992,83.63488952,6.219469084,79.81328183,cotton
87,51,90,27.09,84.84,6.16,1346.86,igname
26,25,27,32.99,58.82,6.78,972.21,anacarde
46,58,31,26.63,80.57,6.34,1725.34,cacao
99,56,17,24.10859207,73.13112261,6.234330356,71.07562236,maize
94,50,19,23.30355338,73.62548442,5.873242491,97.59081274,maize
69,55,38,22.70883798,82.63941394,5.70080568,271.3248604,rice
32,59,31,27.69,86.04,7.07,2135.72,cacao
105,56,15,25.96779712,81.97904282,7.272316208999999,74.14169043,cotton
78,43,42,21.32376327,83.00320459,7.283736617000001,192.3197536,rice
28,21,30,30.07,45.48,7.05,1018.34,anacarde
107,51,22,24.86560781,78.22080815,5.983075895,79.56866268,cotton
105,76,117,28.54,80.22,6.59,1753.03,plantain
96,46,22,20.58314011,69.00128641,6.499936446,66.29390357,maize
23,6,33,29.18032562,92.73041222,6.025789594,204.9603677,coconut
34,6,30,27.0828252,97.00155491,5.948342571,171.7575545,coconut
33,54,43,22.82,75.25,7.03,1604.91,cacao
80,73,88,29.37,91.5,6.05,1392.62,plantain
84,57,25,22.53510514,67.99257471,6.489040367,64.40866039,maize
84,43,66,26.4,83.99,5.29,996.98,igname
131,49,22,25.49848236,79.9751579,7.306918817000001,67.05961949,cotton
88,38,15,25.08239719,65.92195844,6.455116637000001,62.49190812,maize
64,45,43,25.62980105,83.52842314,5.534878156,209.9001977,rice
52,58,28,27.39,78.31,6.99,1997.52,cacao
76,44,17,20.41683147,62.55424820000001,5.855442401,65.27798457,maize
91,25,26,24.53460016,66.99765375,7.482414225,180.5059257,coffee
74,54,38,25.65553461,83.47021081,7.120272972,217.3788583,rice
30,23,35,31.46,57.03,6.42,852.63,anacarde
140,40,17,22.72767171,77.07598065,6.006085786,77.55176318,cotton
49,53,43,23.68,84.48,5.94,1681.25,cacao
98,47,37,23.48381344,81.33265073,7.375482851,224.0581164,rice
30,17,26,30.61,56.04,5.29,766.62,anacarde
82,24,33,26.53543168,67.09608099,6.809593554,120.6494434,coffee
113,21,33,26.02241444,55.83288958,7.277422737999999,176.90209240000004,coffee
76,60,39,20.0454142,80.3477562,6.766240045,208.5810155,rice
85,33,25,26.20811417,52.50987966,6.910823945,189.0944824,coffee
93,54,75,28.37,77.76,6.24,1420.83,plantain
71,44,91,28.87,79.01,5.43,1550.64,igname
6,13,29,27.31155708,99.96906006,5.832608027999999,201.8258633,coconut
22,21,26,28.87,32.55,4.78,1347.9,anacarde
19,30,26,29.02,52.4,4.06,935.59,anacarde
72,51,91,23.19,71.59,6.36,1262.54,igname
103,51,20,22.80213132,84.14668447,7.0466074339999984,91.6389565,cotton
77,38,36,21.8652524,80.1923008,5.953933276,224.55501690000003,rice
107,71,88,28.67,74.82,6.53,1585.25,plantain
103,42,17,24.29470232,84.61527627,6.527541661,81.05902285,cotton
67,43,39,26.04371967,84.96907151,5.9999690260000005,186.7536773,rice
83,58,45,25.75528612,83.51827127,5.875345751,245.6626799,rice
27,30,31,28.98545306,90.73966792,5.718120393,148.8398374,coconut
30,13,25,27.15116142,91.48889469,6.413184638,164.9182225,coconut
123,44,21,25.78544484,75.00539324,7.6411165689999985,91.39578861,cotton
109,80,107,28.32,73.56,5.9,1019.35,plantain
78,58,44,26.80079604,80.88684822,5.108681786,284.4364567,rice
60,57,24,18.66116213,61.55327249,6.1212940410000005,75.03247667,maize
126,37,21,25.84997269,84.16855231,6.61448588,77.03421249,cotton
86,53,85,26.3,85.91,5.98,1254.99,igname
31,13,33,27.63834933,95.48763389,5.85971872,205.5463111,coconut
50,51,46,24.77,80.38,6.19,1643.56,cacao
20,25,35,30.47,41.13,5.77,1041.85,anacarde
20,22,27,33.91,49.91,5.76,1144.58,anacarde
30,39,47,25.68,76.48,5.84,1499.25,cacao
31,47,31,26.1,85.84,7.01,1415.71,cacao
32,26,26,32.68,49.18,6.46,821.86,anacarde
74,39,23,22.6265115,65.77472881,6.78073637,88.17251033,maize
19,28,29,31.48,43.23,5.64,1082.51,anacarde
98,29,30,25.64004392,61.03273481,6.217974349,199.4735636,coffee
100,24,28,25.59535262,57.72920846,7.101661011,195.7733251,coffee
86,36,24,26.54986394,72.89187265,5.787268394,73.33636055,maize
29,17,29,29.20394909,95.66997327,5.959493188,211.2506267,coconut
76,43,78,25.08,85.3,5.19,1198.81,igname
60,47,63,28.78,89.03,5.51,1652.5,igname
75,54,36,26.29465461,84.56919326,7.023936392,257.4914906,rice
92,44,16,18.87751445,65.76816093,6.082973754,94.76189431,maize
53,54,33,29.17,73.28,6.29,1602.33,cacao
107,34,32,26.77463708,66.4132686,6.78006386,177.7745075,coffee
61,38,20,18.47891261,62.69503871,5.970458434,65.43835393,maize
66,54,21,25.19008683,60.200168700000006,5.919045532,72.12375573,maize
103,33,25,27.10210397,55.74973320000001,6.911066044,139.5013171,coffee
81,45,35,26.52872817,80.12267476,6.158376967000001,218.9163567,rice
72,44,77,29.04,76.18,5.64,1280.93,igname
91,50,40,20.82477109,84.1341879,6.462391607000001,230.22422230000004,rice
113,38,25,22.00085141,79.47270984,7.388265887999999,90.42224164,cotton
71,75,84,25.97,81.71,6.32,1421.15,plantain
92,63,95,26.0,76.45,5.75,1617.72,plantain
104,67,102,29.9,81.82,6.77,1332.53,plantain
44,56,24,27.2,78.49,5.74,1943.26,cacao
49,40,39,25.18,84.31,6.05,1959.65,cacao
60,51,36,22.69657794,82.81088865,6.028321557999999,256.9964761,rice
90,46,42,23.97898217,81.45061596,7.50283396,250.0832336,rice
80,77,100,29.7,75.91,6.19,1529.38,plantain
82,40,40,23.83067496,84.81360127,6.271478837999999,298.5601175,rice
83,60,36,25.59704938,80.14509262,6.903985986,200.834898,rice
108,36,19,22.78249615,77.51235009,7.238566893,64.61444234,cotton
73,45,21,24.60532218,73.58868502,6.636803222999999,96.59195302,maize
68,60,88,25.34,76.44,5.54,1434.62,igname
57,64,36,27.89,81.48,5.68,1477.47,cacao
61,35,99,29.74,71.96,6.31,1351.96,igname
100,67,102,29.56,85.27,6.48,1601.91,plantain
63,42,21,23.26237612,72.33125523,5.798423907999999,67.10225139,maize
33,65,43,26.05,78.1,6.63,1693.06,cacao
59,70,108,26.83,74.78,4.95,844.55,igname
55,54,49,26.87,79.15,6.18,1520.82,cacao
81,49,20,18.04185513,60.61494304,5.513697923,104.2321615,maize
22,28,37,31.9,51.8,5.14,953.63,anacarde
67,31,105,27.19,79.95,5.84,1619.56,igname
84,57,119,26.26,75.88,4.58,1465.45,igname
116,56,17,24.71252544,77.7293114,7.979090365,85.24963302,cotton
0,29,32,28.05912437,98.3670985,5.868255858,171.65163959999995,coconut
88,21,27,24.43011925,66.02411187,7.231166546,181.6368274,coffee
115,48,16,25.54359718,84.09229796,7.175934962,88.94245493,cotton
55,55,83,26.18,79.17,5.17,1085.15,igname
60,48,39,24.28209415,80.30025587,7.042299068999999,231.0863347,rice
74,35,40,26.49109635,80.15836264,6.980400905,242.8640342,rice
33,25,31,26.19,50.22,5.14,1005.11,anacarde
10,24,27,27.57283516,94.90485697,5.7084096010000005,145.9298935,coconut
108,35,25,23.98143338,61.10935084,6.971963169,161.5279095,coffee
105,18,35,23.52648086,68.44030686,6.743417121,171.8839938,coffee
77,47,102,27.12,72.15,5.95,1325.73,igname
101,37,18,22.92360984,82.68738535,7.63737841,92.91915074,cotton
1,8,26,27.5136304,94.18955816,5.562911913,156.6732553,coconut
50,67,40,25.59,85.67,6.8,1683.61,cacao
115,31,30,24.22984659,67.37768353,6.840927967000001,122.4073418,coffee
108,33,31,23.69287069,66.76090123,7.393825704,144.6576424,coffee
125,39,21,25.03149561,82.21276599,7.954629324,95.0191318,cotton
58,45,25,26.01,82.29,6.22,1633.03,cacao
68,58,38,23.22397386,83.03322691,6.336253525,221.2091958,rice
34,15,34,27.05826457,91.10510371,5.677282677999999,224.70069530000004,coconut
67,59,41,21.94766735,80.97384195,6.012632591,213.3560921,rice
133,57,19,23.54234715,75.98203329,7.947011366,84.12536744,cotton
24,6,32,28.11321494,90.01734526,6.387067562,172.48136409999995,coconut
19,27,20,32.77,45.22,5.68,854.75,anacarde
81,46,81,27.98,77.2,4.71,1085.09,igname
74,49,76,29.41,79.79,6.29,1447.77,plantain
55,34,45,29.67,79.25,5.9,1508.49,cacao
108,46,17,24.3017998,84.87668973,6.93221485,65.0247867,cotton
51,52,93,28.54,85.13,4.77,1350.43,igname
53,57,44,25.81,79.89,5.96,1641.34,cacao
2,21,35,25.02887163,91.53720922,6.293662362999999,179.8248944,coconut
32,12,30,25.39241091,98.08951196,5.579845008,218.080385,coconut
78,40,38,26.46428311,83.85642678,7.549873681,248.2256491,rice
56,41,16,27.96,82.23,6.45,1692.9,cacao
113,15,29,27.09617155,63.55324262,6.779230041,190.2440566,coffee
21,24,31,28.31,34.64,6.63,983.32,anacarde
2,30,30,26.00175125,94.79998418,6.331051715,209.540094,coconut
61,59,17,23.33844615,59.24580604,6.47444292,105.0083144,maize
58,52,56,26.89,68.3,5.68,1029.47,igname
86,31,35,27.01207284,60.76645256,6.485761419,191.4508931,coffee
58,67,70,25.62,75.8,6.35,1261.31,igname
60,38,17,18.41932981,64.23580251,6.474476516,76.41312437,maize
97,36,45,22.2286982,81.85872947,6.939083505,278.0791793,rice
106,64,103,26.6,83.31,6.47,1655.94,plantain
32,53,38,25.87,75.24,6.27,1382.11,cacao
40,5,32,26.07010807,96.7036223,5.981169595,143.533473,coconut
69,46,41,23.64124821,80.28597873,5.012139669,263.1103304,rice
38,74,38,23.17,80.45,5.85,1510.57,cacao
78,58,15,25.00933355,67.816568,6.5286312660000005,62.91359494,maize
1,6,35,27.02269204,95.71935435,6.231662767,147.16824590000004,coconut
33,18,26,30.88,48.17,4.51,1125.03,anacarde
38,62,43,28.86,73.7,6.22,1324.51,cacao
24,14,33,29.38072512,93.27565685,6.366219551,218.5241851,coconut
81,53,42,23.67575393,81.03569343,5.17782304,233.7034975,rice
51,47,72,27.6,80.2,5.45,1498.17,igname
61,41,17,25.1420613,65.26185135,6.021902237000001,76.68456006,maize
79,51,16,25.33797709,68.49835977,6.586244581,96.46380213,maize
70,33,80,25.47,72.47,5.6,1440.34,igname
40,22,29,27.55821802,99.98187601,5.735364307,174.62564809999995,coconut
30,25,31,26.31270635,98.62048026,5.804965067,208.1181381,coconut
90,42,43,20.87974371,82.00274423,6.502985292000001,202.9355362,rice
92,72,100,25.89,80.48,6.64,1493.01,plantain
18,28,36,34.62,35.73,6.06,1141.12,anacarde
79,77,105,27.16,79.08,5.34,1127.9,plantain
113,38,20,22.10718988,78.58320116,6.364729934,74.94136567,cotton
41,62,49,27.29,77.78,6.63,1663.57,cacao
94,39,18,23.89114571,57.48775781,5.893093135,102.8301942,maize
0,19,31,25.51791333,94.38420565,6.271952832999999,178.7297725,coconut
29,25,45,31.96,42.21,5.91,1020.03,anacarde
70,47,17,24.612911800000006,70.4162444,6.600827017,104.1626147,maize
16,14,30,29.70931288,96.30484325,6.37466756,209.84539930000005,coconut
75,77,106,27.75,82.24,7.01,1520.17,plantain
27,27,30,34.62,43.62,5.7,902.61,anacarde
91,36,45,24.44345477,82.45432595,5.950647577000001,267.97619480000003,rice
72,55,98,27.67,81.08,5.43,943.73,igname
0,26,31,25.0707247,95.02156793,5.547933273,192.9036306,coconut
123,39,24,25.00755095,78.17952126,7.453106264,86.06411872,cotton
17,24,36,29.76,58.89,5.89,955.76,anacarde
69,51,23,22.21738222,72.85462807,6.80163854,106.6213157,maize
75,47,80,29.34,93.54,6.0,1376.89,igname
58,48,56,29.71,81.54,5.7,1329.79,cacao
95,78,95,26.01,77.91,6.25,1050.85,plantain
81,52,89,26.37,79.14,5.14,1188.25,igname
100,48,17,23.7805123,83.03878838,7.827877817999999,66.26555904,cotton
8,26,26,25.54759871,91.64194826,5.702484758,212.867626,coconut
34,22,38,30.62,61.6,6.32,892.24,anacarde
121,45,22,22.45942937,81.30681027,6.443785385,64.23026638,cotton
104,26,30,24.40726724,62.65692638,6.410992833,148.6977358,coffee
107,45,25,23.0865933,83.55546146,7.2277455160000015,71.84080724,cotton
118,50,19,22.95604064,82.33733678,6.360812227,66.48339303,cotton
76,49,42,24.958779,84.47963372,5.206373153,196.95600080000003,rice
111,50,15,25.16820129,80.30351815,7.884550475,84.62419032,cotton
102,37,25,25.31468463,77.91757121,5.907930899,72.82902109,cotton
109,23,25,25.11711046,68.48030408,7.00733163,194.8773479,coffee
44,47,33,25.21,82.83,6.08,1416.65,cacao
31,29,35,27.1872282,92.19906776,6.137102505,141.3220576,coconut
90,57,24,18.92851916,72.80086137,6.158860284,82.34162918,maize
104,71,111,26.09,82.18,6.36,1724.21,plantain
74,63,58,27.76,75.21,5.35,1154.27,igname
89,60,19,25.19192419,66.69029010000001,5.913664501,78.06639649,maize
94,53,87,25.48,73.75,6.86,1321.28,plantain
99,55,35,21.7238313,80.2389895,6.501697816,277.9626192,rice
21,17,40,25.28,41.05,5.63,1021.26,anacarde
1,12,30,27.754298,95.94643831,5.56222383,131.09000759999998,coconut
49,50,32,25.58,78.92,6.68,1895.58,cacao
71,54,16,22.61359953,63.69070564,5.7499144210000015,87.75953857,maize
113,33,34,26.00373964,62.144510200000006,6.559817161000002,153.477776,coffee
103,40,30,27.30901814,55.196224,6.3483162570000005,141.48316440000005,coffee
28,23,36,31.62,42.75,5.75,1066.07,anacarde
80,63,109,28.89,75.38,7.12,1232.07,plantain
68,48,73,27.0,82.8,5.19,1775.98,igname
96,54,22,25.70196694,61.33450447,6.960358276,83.20711308,maize
99,38,21,22.88330922,71.59722446,6.352471866,67.72777298,maize
126,38,23,25.36243778,83.63276077,6.176716425,88.43618918,cotton
132,41,22,24.29144926,81.02453404,7.810865753,90.41694635,cotton
95,67,83,29.25,84.74,6.85,1710.67,plantain
63,43,17,19.28889933,65.47050802,6.807487794,71.3195307,maize
100,48,16,25.71895816,67.22190688,5.54990242,74.51490791,maize
58,59,85,26.6,71.63,5.04,1328.77,igname
60,36,43,23.43121862,83.06310136,5.286203711000001,219.9048349,rice
107,36,21,25.29250148,75.66653335,6.205263534,62.64174227,cotton
96,46,117,26.85,83.97,5.97,1312.23,plantain
74,48,17,21.63162756,60.27766379,6.430616465,69.21803098,maize
114,20,26,25.55656667,62.67087838,7.27905689,193.5866233,coffee
120,60,15,22.31871914,83.86129998,7.288377241,65.35747011,cotton
91,59,71,27.38,77.2,6.81,1826.77,plantain
121,36,24,23.66457347,81.69105088,7.352401887,99.36898373,cotton
88,35,40,23.57943626,83.58760316,5.85393208,291.2986618000001,rice
89,72,107,24.22,82.69,7.15,1696.29,plantain
72,36,98,28.65,85.12,5.59,1474.5,igname
79,61,71,28.61,85.78,5.38,1534.78,igname
89,25,34,23.07895447,63.65861483,7.184801627000001,129.8765443,coffee
80,59,102,24.62,82.27,6.82,1780.76,plantain
60,43,44,21.01944696,82.95221726,7.416245107000001,298.40184710000005,rice
77,52,17,24.86374934,65.7420046,5.714799723,75.82270467,maize
39,7,29,27.54273211,94.59086121,6.362544111,150.2012138,coconut
67,71,105,25.98,72.58,4.75,1077.82,igname
22,23,32,32.05,46.67,5.76,1015.81,anacarde
18,24,40,31.77,31.08,4.81,861.9,anacarde
61,35,90,27.68,82.04,5.63,1017.24,igname
94,54,17,23.39128187,61.74427165,5.871647806,107.3198135,maize
18,12,35,26.13958446,96.38580769,6.338720873,131.3387935,coconut
44,57,46,24.95,78.49,5.34,1747.64,cacao
91,35,39,23.79391957,80.41817957,6.970859754,206.2611855,rice
75,49,15,21.53574127,71.50905983,5.918263801,102.4852929,maize
107,42,24,22.04612876,84.62978302,6.144631795,86.00758678,cotton
29,8,28,26.87037587,91.72546257,6.100429497,214.4128874,coconut
47,58,30,25.99,86.69,6.68,1551.61,cacao
88,57,81,26.14,83.51,6.73,1506.16,plantain
79,59,17,20.37999665,63.73849998,6.644205485,108.5054416,maize
63,58,22,18.25405352,55.28220433,6.204747652999999,63.72358154,maize
36,41,29,28.18,75.31,6.33,1609.89,cacao
90,52,25,25.97482359,69.36385721,6.822586546,103.2234212,maize
136,36,20,23.09595631,84.86275707,6.925412377000001,71.29581071,cotton
24,21,33,29.9,41.26,6.16,889.67,anacarde
34,26,26,30.94,45.96,5.35,977.95,anacarde
65,45,62,25.16,83.04,5.56,1103.63,igname
15,17,27,30.48,50.59,6.46,1007.33,anacarde
86,51,106,25.05,89.41,6.32,1372.82,plantain
37,47,43,25.99,91.3,6.46,1685.83,cacao
78,84,119,29.67,80.57,6.03,1550.59,plantain
91,35,38,24.8972823,80.52586088,6.13428721,183.6793207,rice
86,55,98,29.05,78.23,5.64,1438.4,plantain
77,58,19,22.8056033,56.50768935,5.791649933,101.5952794,maize
28,20,38,29.79,40.6,6.79,1184.15,anacarde
62,48,20,21.70181447,60.47470519,6.708446922,95.71388473,maize
85,38,41,21.58711777,82.7883708,6.2490506560000005,276.65524589999995,rice
52,62,20,23.51,74.69,6.89,1907.62,cacao
79,43,39,21.66628296,80.70960551,7.062779015,210.8142087,rice
77,67,96,28.46,82.02,6.11,1434.38,plantain
50,43,118,23.12,75.15,5.56,1301.16,igname
50,52,45,25.48,87.35,5.45,1442.37,cacao
33,28,28,30.12,48.15,5.18,1006.09,anacarde
80,18,31,24.02952505,58.84880599,7.303033217,134.6803969,coffee
17,29,26,26.14162144,93.28415295,6.071897347,195.4115025,coconut
33,48,38,21.45,79.87,6.19,1338.6,cacao
36,27,26,26.58413917,95.78923137,6.25449571,171.6262299,coconut
97,59,43,26.35927159,84.04403589,6.2865001760000006,271.35861370000003,rice
51,51,89,27.46,78.15,5.45,1276.86,igname
120,40,33,24.23850608,54.30329632,6.73410539,115.1564012,coffee
98,67,123,25.45,76.09,6.61,1356.11,plantain
119,44,15,22.14593688,82.85975490000001,7.091992365,60.65381719,cotton
33,14,35,27.14865285,96.66355213,6.027707171,149.2433497,coconut
95,39,36,23.86330467,83.15250801,5.561398642,285.2493645,rice
77,62,122,21.74,81.32,6.13,1642.33,plantain
136,36,24,22.74446976,80.41198458,7.59781958,90.07326633,cotton
111,28,26,27.77363343,64.47858698,6.937352845,192.7121236,coffee
109,57,87,26.7,76.36,6.43,1602.09,plantain
70,39,91,27.23,80.1,6.45,1425.45,igname
22,15,29,26.8,58.47,5.62,943.13,anacarde
71,60,22,26.07470121,59.37147589,6.2048017,85.75692395,maize
53,61,67,26.53,81.81,5.15,1511.16,igname
84,78,76,24.38,89.38,6.92,1578.04,plantain
44,66,40,25.73,82.3,6.69,1702.02,cacao
99,69,120,30.0,78.77,6.3,1579.58,plantain
104,60,107,28.91,79.44,6.06,1306.71,plantain
37,44,51,24.83,83.13,6.04,2051.02,cacao
76,60,101,28.2,73.61,6.66,1753.53,plantain
67,51,24,23.50297882,61.32026065,5.584171461,64.77791424,maize
21,24,36,30.49,48.39,6.43,1321.77,anacarde
87,60,23,20.27317074,63.91281869,6.439071996,62.50351892,maize
28,22,35,30.92,56.19,6.4,1018.78,anacarde
16,23,30,28.88,42.44,5.92,874.7,anacarde
15,30,26,29.78,42.1,6.41,1025.4,anacarde
90,49,21,24.84016732,68.3584573,6.4725232870000005,74.05474936,maize
38,24,33,28.28905147,97.00396405,5.973853124,142.9403233,coconut
22,18,31,26.6,52.16,6.17,894.7,anacarde
73,58,21,19.97215954,57.68272924,6.596060648,60.65171481,maize
83,21,28,25.5674832,60.49244602,7.466900682999999,190.2257843,coffee
100,32,26,25.234661,57.53161469,6.043485685,124.2261737,coffee
37,69,25,25.62,78.72,5.4,1907.11,cacao
74,55,19,18.05033737,62.89366992,6.28886807,84.23613484,maize
65,60,43,21.97199397,81.89918197,5.658169482000001,227.3637009,rice
77,36,23,24.71417533,56.73426469,6.648725327,88.45361858,maize
108,24,31,24.12832546,56.18107663,6.431899747999999,147.27578180000003,coffee
82,84,92,25.0,81.15,5.55,1542.26,plantain
34,6,27,25.84726298,90.92669463,5.8607404810000014,147.8888994,coconut
84,46,103,23.96,78.76,5.61,1284.09,igname
91,52,124,25.15,80.01,6.17,1623.14,plantain
89,54,38,24.51588066,83.53521629999999,6.685346424,230.4462359,rice
55,51,110,25.99,89.63,5.12,1233.4,igname
99,57,35,26.75754171,81.17734011,5.960370061,272.29990560000005,rice
99,19,33,27.536454700000004,55.51673151,6.273741983,130.6377143,coffee
24,27,34,28.87862994,95.11320315,6.203376525,145.0583117,coconut
133,47,23,24.88738107,75.62137159,6.827354668,89.76050416,cotton
29,27,25,30.86,44.8,5.39,1250.89,anacarde
31,46,52,29.03,89.64,6.43,1436.35,cacao
29,33,27,31.87,50.08,5.17,900.56,anacarde
15,29,25,28.37,34.74,5.76,952.54,anacarde
21,30,29,31.1,41.13,5.65,879.45,anacarde
17,30,27,29.03065024,90.79093862,5.894027065,205.5720367,coconut
33,27,23,33.46,36.99,6.24,761.05,anacarde
23,21,26,26.45488737,93.45042636,5.901495543999999,149.2220255,coconut
95,39,29,27.35152643,55.99375012,7.13411409,148.98125249999995,coffee
99,36,20,20.57981887,65.34583901,6.671085817000001,78.34604471,maize
60,24,72,26.0,76.88,5.99,1527.83,igname
58,58,84,26.53,77.88,5.98,1216.24,igname
41,62,44,24.78,80.46,6.25,1727.43,cacao
107,31,31,23.17124551,52.97841162,6.766184468,153.12016440000005,coffee
74,58,18,20.03728219,56.35606753,6.727303282,109.024141,maize
61,60,15,24.87502824,68.74248334,6.265564338,91.26056654,maize
31,27,31,28.74,57.59,6.38,1245.87,anacarde
73,52,114,24.41,78.38,7.14,1566.25,plantain
22,20,26,29.4,40.0,5.21,1049.63,anacarde
122,40,17,24.96440768,81.31677618,6.854558957,80.03995829,cotton
87,38,29,25.20406808,57.88370456,6.652642579,156.1457255,coffee
105,60,23,23.53371386,77.21705554,6.207652157,87.54004943,cotton
65,60,22,25.36768364,72.52054555,6.6069840860000015,107.9124111,maize
83,45,21,18.83344471,58.75082029,5.716222912,79.75328959999999,maize
83,55,71,29.56,80.94,5.47,1239.91,igname
31,19,31,32.67,43.02,6.24,909.79,anacarde
89,60,17,25.37548751,57.21025565,5.983952675,101.7004306,maize
71,70,104,26.34,77.89,5.3,1557.27,plantain
60,54,19,18.74826712,62.49878458,6.417820493,70.23401597,maize
23,28,22,32.92,39.54,5.83,1047.97,anacarde
26,9,32,25.9490364,94.73860514,6.470465614,144.15711090000005,coconut
22,16,27,29.1797902,90.27214288,6.006784979,188.9252083,coconut
91,21,26,26.33377983,57.36469955,7.261313694,191.6549412,coffee
74,56,22,18.28362235,66.65952796,6.829199275,80.97573281,maize
71,52,18,25.10787449,55.97732754,5.790770202999999,78.16077693,maize
13,28,33,28.130115000000004,95.64807631,5.686972967000001,151.0761899,coconut
106,40,30,23.42611644,64.10651528,6.779984384,122.6847408,coffee
32,20,35,26.52166434,98.38227669,5.588655387,144.6261698,coconut
81,34,30,25.17787724,62.26244581,6.6477659970000005,135.0119649,coffee
64,58,53,26.23,75.9,5.62,1389.41,igname
87,54,20,25.61707368,63.4711755,6.576418207000001,108.8303762,maize
16,16,38,27.43,40.41,6.51,1046.47,anacarde
83,38,35,25.70822684,52.88667115,7.18915558,136.73250919999998,coffee
51,54,82,29.99,77.52,5.54,1201.23,igname
17,24,29,26.04,57.01,5.21,1028.81,anacarde
101,68,128,29.29,84.71,5.9,1299.52,plantain
31,6,26,29.12859129,91.30924833,5.741367375,157.2388553,coconut
33,24,38,26.19,48.49,5.11,980.53,anacarde
105,68,87,27.42,77.7,6.5,1297.52,plantain
20,25,20,33.32,22.21,7.17,1011.4,anacarde
102,72,72,25.91,81.56,6.1,975.4,plantain
29,14,37,31.61,53.4,5.43,789.61,anacarde
80,42,98,27.63,76.45,6.17,1297.4,igname
24,34,42,26.42,47.77,6.31,1185.41,anacarde
118,44,23,22.08458267,82.82904143,6.6916904760000016,67.06459777,cotton
72,62,99,25.83,77.45,5.84,1678.1,plantain
55,55,48,27.13,76.12,6.25,1714.95,cacao
3,23,30,29.70143197,95.65754365,6.078807239,215.1968037,coconut
63,54,71,25.89,81.52,4.56,1398.33,igname
80,30,25,26.24092174,65.64381357,7.487266991,148.37712019999995,coffee
99,15,27,27.41711238,56.63636248,6.086922359,127.92461000000002,coffee
62,52,16,22.27526694,58.84015925,6.9670577620000005,63.87020584,maize
38,14,30,26.92449525,91.20106019,5.5707453860000005,194.9022136,coconut
55,50,102,27.95,79.99,4.42,1158.2,igname
24,30,31,31.27,28.67,5.78,799.9,anacarde
33,38,26,32.79,39.63,6.41,818.55,anacarde
117,51,15,22.9535715,78.71555832,6.044556594,99.75336197,cotton
109,72,128,25.26,79.16,6.95,1481.12,plantain
52,51,82,28.86,69.92,5.84,1280.27,igname
8,6,33,28.27804288,93.64761266,6.095261012999999,171.9457959,coconut
76,61,60,26.81,80.71,6.08,1316.71,igname
32,22,31,31.61,51.17,4.3,1083.75,anacarde
100,46,18,24.18586246,76.04203958,6.4316895060000006,69.08056728,cotton
32,27,23,26.38,48.19,6.77,986.76,anacarde
84,36,28,26.7350622,55.55164819,6.119892347,140.63052130000003,coffee
70,44,113,27.24,81.06,6.35,1457.56,plantain
116,52,19,22.94276687,75.37170612,6.114525877,67.08022574,cotton
32,11,31,29.51611558,92.56492864,6.461225827000001,131.2116167,coconut
24,24,27,30.55,46.58,5.93,896.06,anacarde
25,25,31,31.52,39.79,7.24,898.98,anacarde
31,13,33,29.69952329,95.21224392,6.342463714,148.30036919999995,coconut
112,54,15,25.46228792,81.56641891,6.1754923060000015,76.88582484,cotton
100,52,19,23.45969093,82.44777468,7.903528672999999,93.50153555,cotton
10,9,28,29.01256899,94.01014388,6.282955072999999,150.05003119999995,coconut
72,67,126,26.23,82.13,6.25,1600.74,plantain
64,36,77,27.94,75.65,5.19,1244.55,igname
111,29,31,26.05968403,52.31098539,6.136286518,161.3432535,coffee
108,38,24,23.41022496,76.43836957,7.442217061,78.82199603,cotton
37,81,46,26.27,80.08,6.22,1920.96,cacao
25,28,27,28.25,62.14,5.11,1062.07,anacarde
104,61,99,27.43,81.89,6.24,1508.34,plantain
85,75,100,26.04,87.47,5.76,1569.65,plantain
86,51,95,26.57,75.76,5.64,1409.81,plantain
18,17,27,33.2,39.82,5.72,1081.49,anacarde
74,57,79,26.3,84.66,4.74,1366.54,igname
15,21,28,29.84,36.82,6.0,1331.58,anacarde
74,36,110,28.43,72.0,5.34,1253.42,igname
48,50,50,24.18,78.01,6.21,1465.52,cacao
81,67,114,28.22,78.04,6.43,1525.3,plantain
41,54,27,28.11,79.58,5.72,1204.63,cacao
66,60,38,22.08576562,83.47038318,6.372576327000001,231.7364957,rice
17,11,32,28.74013335,93.39676499,5.620733794,156.76508230000005,coconut
17,26,27,27.58,42.43,6.35,1106.22,anacarde
63,35,16,22.02720976,65.35549924,6.272417541,83.73280082,maize
41,53,38,26.63,89.22,5.47,1495.14,cacao
95,55,42,26.79533926,82.1480873,5.950660556,193.3473987,rice
39,54,39,27.02,80.66,5.69,1496.72,cacao
99,39,18,19.20129357,68.30578978,6.11275104,87.85092352,maize
31,33,35,30.61,46.8,6.16,1085.35,anacarde
70,61,122,25.94,81.7,6.3,1609.63,plantain
62,40,98,30.59,73.93,5.1,1587.76,igname
74,73,103,26.61,80.94,5.91,1492.59,plantain
56,41,86,26.71,81.28,5.78,1226.05,igname
88,46,42,22.68319059,83.46358271,6.604993475,194.2651719,rice
54,59,43,23.93,79.98,6.25,1796.27,cacao
27,22,29,28.83214859,92.17170353,6.000248647,145.41723869999996,coconut
44,34,39,27.24,83.29,6.23,1615.67,cacao
32,28,29,28.88,52.97,5.35,1181.96,anacarde
94,26,27,26.36629861,52.25738495,7.456460375,177.31761609999995,coffee
54,63,43,25.45,76.8,5.78,1315.69,cacao
80,46,76,28.88,82.43,5.39,1106.91,igname
39,5,31,27.10134661,93.69979946,5.551963184,150.9502632,coconut
114,40,17,24.32630461,80.13456404,6.363406102000001,69.45072055,cotton
110,39,18,24.54795322,75.39752705,7.766259768999999,63.88079866,cotton
83,62,95,27.53,81.08,6.04,1400.97,igname
9,17,32,25.94951662,93.40548703,5.842317989,172.0540491,coconut
78,42,42,20.13017482,81.60487287,7.628472891,262.7173405,rice
21,25,39,28.6,45.3,5.98,1006.57,anacarde
81,69,105,25.49,82.38,5.95,1608.13,plantain
22,26,29,29.58,59.38,5.85,997.05,anacarde
84,64,68,28.2,87.69,5.13,1535.86,igname
59,40,43,27.22,89.18,5.71,1509.86,cacao
84,55,61,26.38,77.29,5.87,1445.95,igname
17,33,32,34.5,54.29,6.14,864.41,anacarde
78,35,44,26.54348085,84.67353597,7.072655622,183.6222657,rice
73,40,67,28.83,74.35,4.7,985.26,igname
57,49,35,27.07,89.18,6.29,1593.01,cacao
109,31,27,23.05951896,50.40609436,6.973839707000001,164.4971875,coffee
58,45,55,27.95,82.28,6.44,1746.85,cacao
74,39,38,23.24113501,84.59201843,7.782051312999999,233.0453455,rice
85,37,39,24.52783742,82.73685569,6.364134967999999,224.67572310000003,rice
18,30,29,26.762749300000007,92.86056895,6.4200187170000005,224.5903664,coconut
60,46,22,24.89364635,65.61418761,6.625404347999999,87.9298085,maize
97,50,41,24.52922681,80.54498576,7.070959995,260.2634026,rice
68,39,74,30.31,72.39,5.58,1673.33,igname
16,6,29,29.28725038,91.95614918,5.868285082000001,132.1491176,coconut
99,16,30,23.52652084,65.44340921,6.392791654,186.1728203,coffee
140,45,15,25.5308271,80.04662756,5.801047545,99.39557151,cotton
8,28,30,25.51618488,94.33465411,6.015672239,135.1272491,coconut
109,29,28,23.26316991,60.51600210000001,6.724688502999999,194.1755471,coffee
16,20,26,31.42,49.35,6.39,894.25,anacarde
131,56,20,22.00817088,81.83896111,7.762647875,92.23645249,cotton
39,52,35,24.49,81.99,5.37,1526.75,cacao
117,32,34,26.2724184,52.12739421,6.758792552,127.1752928,coffee
98,35,18,23.79746068,74.82913698,6.252797547999999,91.76337172,maize
93,58,38,20.61521424,83.77345559,6.932400225,279.5451717,rice
117,26,30,27.92374437,67.96910852,7.079850922,115.2325531,coffee
25,20,24,34.7,31.65,6.05,794.53,anacarde
78,48,22,23.08974909,63.10459626,5.588650585,70.43473609,maize
106,76,87,25.95,77.21,6.9,1566.46,plantain
51,61,40,29.7,78.04,6.25,1972.07,cacao
76,47,42,20.08369642,83.29114712,5.739175027000001,263.6372176,rice
94,50,37,25.66585205,80.66385045,6.94801983,209.5869708,rice
84,44,21,21.869274,61.91044947,5.850439831,107.2681929,maize
62,42,36,22.78133816,82.06719137,6.430010215,248.7183228,rice
106,21,35,25.627355,57.04151119,7.4285236339999985,188.5506536,coffee
126,46,25,24.43847399,81.69801729,6.757457943,60.79645852,cotton
78,37,22,25.34217103,63.31801994,6.330554389,74.52082026,maize
57,43,88,26.41,79.08,5.51,1246.81,igname
31,20,26,25.56567803,97.61361544,6.443168642000001,199.7936345,coconut
74,38,103,29.42,82.85,6.21,1248.52,igname
93,56,42,23.85724032,82.22572988,7.382762603,195.0948311,rice
111,41,18,23.64328417,78.1258666,6.10539819,80.96157332,cotton
74,57,83,28.14,70.93,5.54,1295.25,igname
64,24,53,28.05,76.23,6.19,1179.29,igname
67,49,77,27.47,85.9,6.32,1275.82,igname
22,8,33,28.43572863,95.8840407,5.665785202,203.9283708,coconut
85,46,104,26.7,80.54,4.97,1319.54,igname
18,19,29,27.59376845,92.48519606,6.206077742000001,162.8432736,coconut
79,51,76,23.86,65.27,5.54,1442.83,igname
87,28,35,26.5602777,57.1621814,6.759211911,152.0616227,coffee
100,40,35,27.56441788,54.41094079,6.9557873510000015,177.816092,coffee
100,94,53,26.36,84.01,5.65,1608.66,plantain
20,28,26,26.37978453,91.49882979,5.547594847,167.0470997,coconut
37,23,28,25.61294367,94.3138837,5.7400545670000005,224.3206759,coconut
72,60,25,18.52510753,69.0276233,5.773454729,88.10234397,maize
34,45,46,26.33,79.21,5.89,1309.59,cacao
63,48,88,27.08,77.86,5.08,1000.75,igname
107,21,26,26.45288458,55.32222678,7.235070264,144.68613359999995,coffee
82,46,87,25.75,90.38,5.98,1294.02,igname
86,40,33,26.1387869,52.26311691,7.432322234,136.3027766,coffee
81,65,94,29.94,89.4,5.75,1097.18,igname
68,41,16,21.77689322,57.80840636,6.158830619,102.0861694,maize
43,44,38,28.49,73.35,6.39,1594.18,cacao
120,48,16,22.46054478,75.40989245,7.456971816,71.85436078,cotton
85,58,41,21.77046169,80.31964408,7.038096361,226.6555374,rice
86,61,120,28.28,80.05,6.84,1306.12,plantain
47,46,27,28.42,74.54,6.84,1462.34,cacao
68,57,43,26.08867875,80.37979919,5.706943251,182.9043504,rice
7,11,32,29.25902906,95.11294697,5.542169138999999,184.7624496,coconut
88,54,44,25.7354293,83.88266234,6.149410611,233.1321372,rice
80,55,77,25.16,77.28,5.57,1701.63,igname
36,59,35,25.35,82.22,5.85,1436.26,cacao
98,18,27,27.56088634,68.49299897,6.516312148,167.43580749999995,coffee
114,27,28,24.99451759,57.93250202,7.162802357,192.8736822,coffee
127,53,24,22.21506982,76.17851932,6.127939627999999,70.40557612,cotton
90,44,38,23.83509503,83.88387074,7.473134377,241.20135130000003,rice
122,48,16,24.65425757,75.6350708,6.307585854,61.82980133,cotton
57,41,25,24.94,90.42,6.55,1907.05,cacao
110,39,25,22.60612115,77.34264002,7.208795456,75.13617229,cotton
63,54,69,28.82,64.96,6.31,1414.85,igname
40,5,29,28.48444906,97.76865458,5.820978791,160.389421,coconut
93,56,36,24.01497622,82.05687182,6.98435366,185.2773389,rice
131,35,18,24.49112609,82.24415809,7.0576933660000005,64.02949379,cotton
26,18,33,31.7,44.97,6.03,851.56,anacarde
117,43,25,24.68854799,78.51206972,7.839849298,69.31153566,cotton
23,7,34,26.1055118,91.52421214,5.852038202,134.1279669,coconut
81,45,23,19.32666088,68.03449300000001,6.192360002999999,84.22969177,maize
102,53,83,30.03,91.45,6.41,1403.41,plantain
103,63,129,24.52,80.87,6.22,1329.56,plantain
31,25,21,28.61,42.94,5.99,916.38,anacarde
75,47,84,29.46,78.16,5.78,1058.89,plantain
104,35,28,27.51006055,50.66687215,6.983732393,143.9955548,coffee
82,80,105,25.93,82.12,5.63,1702.18,plantain
40,62,36,28.32,74.8,6.28,1651.48,cacao
87,62,134,25.79,78.9,6.58,1161.29,plantain
30,30,35,25.00872392,95.59224018,6.001936419,165.8092179,coconut
47,56,42,27.17,82.71,6.06,1749.07,cacao
33,52,51,26.46,78.77,6.1,1764.91,cacao
33,28,28,30.32,44.62,6.26,1163.7,anacarde
92,60,23,18.66746724,71.516474,5.721667141,69.93293255,maize
78,65,64,26.86,82.26,5.39,1269.73,igname
33,28,36,29.88,61.61,4.86,1143.51,anacarde
95,37,35,27.31317116,68.42333909999999,6.348337518999998,192.4288139,coffee
22,21,27,33.6,36.04,7.26,787.94,anacarde
48,39,43,24.54,84.23,6.34,1638.85,cacao
71,46,40,20.2801937,82.1235421,7.236705436,191.9535738,rice
116,40,33,24.91370487,54.15319242,7.042089492000001,129.5481144,coffee
36,51,39,24.81,90.64,6.28,1263.88,cacao
90,42,111,24.51,73.27,6.67,1431.82,plantain
59,43,74,27.59,79.95,5.88,1193.36,igname
7,21,35,25.76011662,94.65830608,5.764812076,131.24514140000002,coconut
76,40,43,25.15745531,83.11713476,5.070175667,231.3843163,rice
102,49,21,24.69315538,84.84422454,6.253343655,89.799462,cotton
82,24,26,24.31274458,53.57285558,6.089443602999999,184.4103931,coffee
79,45,20,23.80546189,59.24537979,5.715208817000001,89.96220140000001,maize
25,12,26,28.56973521,95.67906668,6.436314406,134.83703480000003,coconut
91,55,15,18.09300227,72.61024172,6.376651091,78.96159541,maize
129,43,16,25.5503704,77.85055621,6.73210948,78.58488484,cotton
90,74,96,29.85,79.27,6.26,1734.18,plantain
81,30,31,24.65090184,51.93952357,7.027585558999999,135.1386537,coffee
118,31,34,27.54823036,62.88179198,6.123796057000001,181.4170812,coffee
133,50,25,25.72180042,81.19666206,7.569454601,99.93100821,cotton
53,42,73,26.07,76.55,4.71,1380.59,igname
121,47,16,23.60564038,79.29573149,7.7232401510000015,72.49800885,cotton
33,21,32,27.32,52.07,5.81,816.41,anacarde
87,35,25,21.44526922,63.1621551,6.178056304,65.88951188,maize
31,21,44,28.27,32.39,4.94,884.5,anacarde
76,66,120,31.38,76.93,6.81,1664.14,plantain
65,37,40,23.35905428,83.59512273,5.333322606,188.413665,rice
111,39,22,22.60361557,80.35090459999998,6.135025006,88.57395505,cotton
84,50,44,25.48591986,81.40633547,5.9353444060000005,182.6549356,rice
87,28,30,25.60153969,68.66257977,6.536676653,168.8383605,coffee
118,45,23,23.37044424,77.43198948,7.977651226,71.67870701,cotton
19,15,34,26.29644905,99.65809151,5.6858890660000005,215.9195049,coconut
99,40,32,24.18471151,69.94807345,7.0455430560000005,163.27087319999995,coffee
99,50,15,18.14710054,71.09445342,5.573286437,88.07753741,maize
25,29,30,33.02,40.43,6.35,1033.59,anacarde
89,45,36,21.32504158,80.47476396,6.442475375,185.4974732,rice
63,43,76,28.27,72.27,4.97,1094.13,igname
67,45,38,22.72791041,82.17068809999998,7.300410836,260.8875056,rice
93,41,17,25.6217169,66.50415474,6.047906679,105.4654703,maize
26,18,27,27.45907759,92.90736493,5.836075368,142.1430003,coconut
93,73,91,25.37,79.73,6.69,1643.96,plantain
88,35,35,27.55906475,58.45742907,6.784460602,117.9389993,coffee
80,43,16,23.55882094,71.59351368,6.657964753,66.71995467,maize
